<?xml version="1.0"?>
<!DOCTYPE Configure PUBLIC "-//Jetty//Configure//EN" "http://www.eclipse.org/jetty/configure_9_0.dtd">
<!-- ============================================================= -->
<!-- Configure the Http Configuration                              -->
<!-- ============================================================= -->
<Configure id="httpConfig" class="org.eclipse.jetty.server.HttpConfiguration">
  <Set name="secureScheme">https</Set>
  <Set name="securePort"><Property name="jetty.secure.port" default="8080" /></Set>
  <Set name="outputBufferSize">32768</Set>
  <Set name="requestHeaderSize">8192</Set>
  <Set name="responseHeaderSize">8192</Set>
  <Set name="sendServerVersion">true</Set>
  <Set name="sendDateHeader">false</Set>
  <Set name="headerCacheSize">512</Set>
</Configure>